British (English) vernacular name,IOC World Bird List international English name,Scientific name,Category,Codes,† BBRC species,‡ BBRC subspecies,SEQ
Brent Goose,Brant Goose,Branta bernicla,AE,,,,275
Red-breasted Goose,,Branta ruficollis,AE*,†,,,279
Canada Goose,,Branta canadensis,AC2E*,‡,,,281
Barnacle Goose,,Branta leucopsis,AC2E*,,,,289
Cackling Goose,,Branta hutchinsii,AE,†,,,290
Ross's Goose,,Anser rossii,AE*,†,,,297
Snow Goose,,Anser caerulescens,AC2E*,,,,299
Greylag Goose,,Anser anser,AC2C4E*,,,,302
Taiga Bean Goose,,Anser fabalis,AE*,,,,306
Pink-footed Goose,,Anser brachyrhynchus,AE*,,,,310
Tundra Bean Goose,,Anser serrirostris,AE,,,,311
White-fronted Goose,Greater White-fronted Goose,Anser albifrons,AE*,,,,314
Lesser White-fronted Goose,,Anser erythropus,AE*,†,,,320
Mute Swan,,Cygnus olor,AC2,,,,326
Bewick's Swan,Tundra Swan,Cygnus columbianus,AE,‡,,,328
Whooper Swan,,Cygnus cygnus,AE*,,,,331
Egyptian Goose,,Alopochen aegyptiaca,C1C5E*,,,,359
Shelduck,Common Shelduck,Tadorna tadorna,A,,,,379
Ruddy Shelduck,,Tadorna ferruginea,BDE*,†,,,380
Mandarin Duck,,Aix galericulata,C1E*,,,,397
Baikal Teal,,Sibirionetta formosa,AE,†,,,419
Garganey,,Spatula querquedula,A,,,,421
Blue-winged Teal,,Spatula discors,AE*,†,,,434
Shoveler,Northern Shoveler,Spatula clypeata,A,,,,437
Gadwall,,Mareca strepera,AC2E*,,,,439
Falcated Duck,,Mareca falcata,AE,†,,,442
Wigeon,Eurasian Wigeon,Mareca penelope,AE*,,,,443
American Wigeon,,Mareca americana,AE,,,,445
Mallard,,Anas platyrhynchos,AC2C4E*,,,,465
Black Duck,American Black Duck,Anas rubripes,A,†,,,471
Pintail,Northern Pintail,Anas acuta,AE,,,,486
Teal,Eurasian Teal,Anas crecca,A,,,,487
Green-winged Teal,,Anas carolinensis,A,,,,488
Red-crested Pochard,,Netta rufina,AC2E*,,,,511
Canvasback,,Aythya valisineria,AE,†,,,517
Redhead,,Aythya americana,AE,†,,,518
Pochard,Common Pochard,Aythya ferina,AE*,,,,519
Ferruginous Duck,,Aythya nyroca,AE,†,,,523
Ring-necked Duck,,Aythya collaris,AE,,,,525
Tufted Duck,,Aythya fuligula,A,,,,526
Scaup,Greater Scaup,Aythya marila,A,,,,527
Lesser Scaup,,Aythya affinis,A,†,,,530
Steller's Eider,,Polysticta stelleri,A,†,,,532
King Eider,,Somateria spectabilis,A,†,,,535
Eider,Common Eider,Somateria mollissima,A,,,,536
Harlequin Duck,,Histrionicus histrionicus,A,†,,,544
Surf Scoter,,Melanitta perspicillata,A,,,,548
Velvet Scoter,,Melanitta fusca,A,,,,549
White-winged Scoter,,Melanitta deglandi,A,†,,,550
Common Scoter,,Melanitta nigra,A,,,,552
Black Scoter,,Melanitta americana,A,†,,,553
Long-tailed Duck,,Clangula hyemalis,A,,,,555
Bufflehead,,Bucephala albeola,AE,†,,,557
Goldeneye,Common Goldeneye,Bucephala clangula,AE*,,,,558
Barrow's Goldeneye,,Bucephala islandica,AE,†,,,561
Smew,,Mergellus albellus,A,,,,563
Hooded Merganser,,Lophodytes cucullatus,AE,†,,,565
Goosander,Common Merganser,Mergus merganser,A,,,,569
Red-breasted Merganser,,Mergus serrator,A,,,,573
Ruddy Duck,,Oxyura jamaicensis,C1E*,,,,580
Red Grouse,Willow Ptarmigan,Lagopus lagopus,A,,,,1137
Ptarmigan,Rock Ptarmigan,Lagopus muta,A,,,,1154
Capercaillie,Western Capercaillie,Tetrao urogallus,C3E*,,,,1189
Black Grouse,,Lyrurus tetrix,AE,,,,1202
Grey Partridge,,Perdix perdix,AC2E*,,,,1218
Golden Pheasant,,Chrysolophus pictus,C1E*,,,,1244
Lady Amherst's Pheasant,,Chrysolophus amherstiae,C6E*,,,,1245
Pheasant,Common Pheasant,Phasianus colchicus,C1E*,,,,1247
Quail,Common Quail,Coturnix coturnix,AE*,,,,1516
Red-legged Partridge,,Alectoris rufa,C1E*,,,,1539
Common Nighthawk,,Chordeiles minor,A,†,,,1671
Red-necked Nightjar,,Caprimulgus ruficollis,B,†,,,1812
Nightjar,European Nightjar,Caprimulgus europaeus,A,,,,1822
Egyptian Nightjar,,Caprimulgus aegyptius,A,†,,,1833
White-throated Needletail,,Hirundapus caudacutus,A,†,,,2225
Chimney Swift,,Chaetura pelagica,A,†,,,2248
Alpine Swift,,Tachymarptis melba,A,,,,2308
Swift,Common Swift,Apus apus,A,,,,2327
Pallid Swift,,Apus pallidus,A,†,,,2334
Pacific Swift,,Apus pacificus,A,†,,,2355
Little Swift,,Apus affinis,A,†,,,2362
White-rumped Swift,,Apus caffer,A,†,,,2377
Great Bustard,,Otis tarda,AE*,†,,,3425
Macqueen's Bustard,,Chlamydotis macqueenii,A,†,,,3443
Little Bustard,,Tetrax tetrax,A,†,,,3489
Great Spotted Cuckoo,,Clamator glandarius,A,†,,,3667
Yellow-billed Cuckoo,,Coccyzus americanus,A,†,,,3698
Black-billed Cuckoo,,Coccyzus erythropthalmus,A,†,,,3702
Cuckoo,Common Cuckoo,Cuculus canorus,A,,,,3864
Pallas's Sandgrouse,,Syrrhaptes paradoxus,A,†,,,3884
Rock Dove,,Columba livia,AC4E*,,,,3932
Stock Dove,,Columba oenas,A,,,,3952
Woodpigeon,Common Wood Pigeon,Columba palumbus,A,,,,3957
Turtle Dove,European Turtle Dove,Streptopelia turtur,A,,,,4076
Oriental Turtle Dove,,Streptopelia orientalis,A,†,,,4083
Collared Dove,Eurasian Collared Dove,Streptopelia decaocto,A,,,,4091
Mourning Dove,,Zenaida macroura,A,†,,,4421
Water Rail,,Rallus aquaticus,A,,,,5039
Corncrake,Corn Crake,Crex crex,AE*,,,,5057
Sora Rail,Sora,Porzana carolina,A,†,,,5142
Spotted Crake,,Porzana porzana,A,,,,5143
Moorhen,Common Moorhen,Gallinula chloropus,A,,,,5163
Coot,Eurasian Coot,Fulica atra,A,,,,5178
American Coot,,Fulica americana,A,†,,,5186
Allen's Gallinule,,Porphyrio alleni,A,†,,,5194
American Purple Gallinule,Purple Gallinule,Porphyrio martinica,A,†,,,5195
Western Swamphen,,Porphyrio porphyrio,AE,†,,,5197
Baillon's Crake,,Zapornia pusilla,A,†,,,5277
Little Crake,,Zapornia parva,A,†,,,5285
Sandhill Crane,,Antigone canadensis,A,†,,,5363
Crane,Common Crane,Grus grus,AE*,,,,5381
Little Grebe,,Tachybaptus ruficollis,A,,,,5397
Pied-billed Grebe,,Podilymbus podiceps,A,†,,,5424
Red-necked Grebe,,Podiceps grisegena,A,‡,,,5442
Great Crested Grebe,,Podiceps cristatus,A,,,,5445
Slavonian Grebe,Horned Grebe,Podiceps auritus,A,,,,5449
Black-necked Grebe,,Podiceps nigricollis,A,,,,5452
Stone-curlew,Eurasian Stone-curlew,Burhinus oedicnemus,A,,,,5552
Oystercatcher,Eurasian Oystercatcher,Haematopus ostralegus,A,,,,5602
Black-winged Stilt,,Himantopus himantopus,A,,,,5621
Avocet,Pied Avocet,Recurvirostra avosetta,AE,,,,5631
Lapwing,Northern Lapwing,Vanellus vanellus,A,,,,5638
Sociable Plover,Sociable Lapwing,Vanellus gregarius,A,†,,,5674
White-tailed Plover,White-tailed Lapwing,Vanellus leucurus,A,†,,,5675
Golden Plover,European Golden Plover,Pluvialis apricaria,A,,,,5689
Pacific Golden Plover,,Pluvialis fulva,A,†,,,5690
American Golden Plover,,Pluvialis dominica,A,,,,5691
Grey Plover,,Pluvialis squatarola,A,,,,5692
Ringed Plover,Common Ringed Plover,Charadrius hiaticula,A,,,,5700
Semipalmated Plover,,Charadrius semipalmatus,A,†,,,5704
Little Ringed Plover,,Charadrius dubius,A,,,,5706
Killdeer,,Charadrius vociferus,A,†,,,5715
Kentish Plover,,Charadrius alexandrinus,A,†,,,5734
Lesser Sand Plover,,Charadrius mongolus,A,†,,,5754
Greater Sand Plover,,Charadrius leschenaultii,A,†,,,5760
Caspian Plover,,Charadrius asiaticus,A,†,,,5764
Dotterel,Eurasian Dotterel,Charadrius morinellus,A,,,,5766
Upland Sandpiper,,Bartramia longicauda,A,†,,,5838
Whimbrel,Eurasian Whimbrel,Numenius phaeopus,A,,,,5841
Hudsonian Whimbrel,,Numenius hudsonicus,A,†,,,5847
Little Whimbrel,Little Curlew,Numenius minutus,A,†,,,5850
Eskimo Curlew,,Numenius borealis,B,†,,,5851
Curlew,Eurasian Curlew,Numenius arquata,A,,,,5855
Bar-tailed Godwit,,Limosa lapponica,A,,,,5860
Black-tailed Godwit,,Limosa limosa,A,,,,5865
Hudsonian Godwit,,Limosa haemastica,A,†,,,5870
Turnstone,Ruddy Turnstone,Arenaria interpres,A,,,,5875
Great Knot,,Calidris tenuirostris,A,†,,,5885
Knot,Red Knot,Calidris canutus,A,,,,5886
Ruff,,Calidris pugnax,A,,,,5894
Broad-billed Sandpiper,,Calidris falcinellus,A,†,,,5895
Sharp-tailed Sandpiper,,Calidris acuminata,A,†,,,5898
Stilt Sandpiper,,Calidris himantopus,A,†,,,5899
Curlew Sandpiper,,Calidris ferruginea,A,,,,5900
Temminck's Stint,,Calidris temminckii,A,,,,5901
Long-toed Stint,,Calidris subminuta,A,†,,,5902
Red-necked Stint,,Calidris ruficollis,A,†,,,5904
Sanderling,,Calidris alba,A,,,,5905
Dunlin,,Calidris alpina,A,,,,5908
Purple Sandpiper,,Calidris maritima,A,,,,5924
Baird's Sandpiper,,Calidris bairdii,A,†,,,5925
Little Stint,,Calidris minuta,A,,,,5926
Least Sandpiper,,Calidris minutilla,A,†,,,5927
White-rumped Sandpiper,,Calidris fuscicollis,A,,,,5928
Buff-breasted Sandpiper,,Calidris subruficollis,A,,,,5929
Pectoral Sandpiper,,Calidris melanotos,A,,,,5930
Semipalmated Sandpiper,,Calidris pusilla,A,†,,,5931
Western Sandpiper,,Calidris mauri,A,†,,,5932
Long-billed Dowitcher,,Limnodromus scolopaceus,A,†,,,5935
Short-billed Dowitcher,,Limnodromus griseus,A,†,,,5936
Woodcock,Eurasian Woodcock,Scolopax rusticola,A,,,,5941
Jack Snipe,,Lymnocryptes minimus,A,,,,5961
Great Snipe,,Gallinago media,A,†,,,5975
Snipe,Common Snipe,Gallinago gallinago,A,,,,5976
Wilson's Snipe,,Gallinago delicata,A,†,,,5979
Terek Sandpiper,,Xenus cinereus,A,†,,,5993
Wilson's Phalarope,,Phalaropus tricolor,A,†,,,5995
Red-necked Phalarope,,Phalaropus lobatus,A,,,,5996
Grey Phalarope,Red Phalarope,Phalaropus fulicarius,A,,,,5997
Common Sandpiper,,Actitis hypoleucos,A,,,,5999
Spotted Sandpiper,,Actitis macularius,A,†,,,6000
Green Sandpiper,,Tringa ochropus,A,,,,6002
Solitary Sandpiper,,Tringa solitaria,A,†,,,6003
Grey-tailed Tattler,,Tringa brevipes,A,†,,,6007
Lesser Yellowlegs,,Tringa flavipes,A,,,,6008
Redshank,Common Redshank,Tringa totanus,A,,,,6012
Marsh Sandpiper,,Tringa stagnatilis,A,†,,,6019
Wood Sandpiper,,Tringa glareola,A,,,,6020
Spotted Redshank,,Tringa erythropus,A,,,,6021
Greenshank,Common Greenshank,Tringa nebularia,A,,,,6022
Greater Yellowlegs,,Tringa melanoleuca,A,†,,,6024
Cream-coloured Courser,Cream-colored Courser,Cursorius cursor,A,†,,,6032
Collared Pratincole,,Glareola pratincola,A,†,,,6066
Oriental Pratincole,,Glareola maldivarum,A,†,,,6069
Black-winged Pratincole,,Glareola nordmanni,A,†,,,6070
Kittiwake,Black-legged Kittiwake,Rissa tridactyla,A,,,,6122
Ivory Gull,,Pagophila eburnea,A,†,,,6127
Sabine's Gull,,Xema sabini,A,,,,6129
Slender-billed Gull,,Chroicocephalus genei,A,†,,,6131
Bonaparte's Gull,,Chroicocephalus philadelphia,A,†,,,6132
Black-headed Gull,,Chroicocephalus ridibundus,A,,,,6141
Little Gull,,Hydrocoloeus minutus,A,,,,6148
Ross's Gull,,Rhodostethia rosea,A,†,,,6150
Laughing Gull,,Leucophaeus atricilla,A,†,,,6154
Franklin's Gull,,Leucophaeus pipixcan,A,†,,,6157
Audouin's Gull,,Ichthyaetus audouinii,A,†,,,6161
Mediterranean Gull,,Ichthyaetus melanocephalus,A,,,,6162
Great Black-headed Gull,Pallas's Gull,Ichthyaetus ichthyaetus,B,†,,,6163
Common Gull,,Larus canus,A,,,,6174
Ring-billed Gull,,Larus delawarensis,A,,,,6179
Great Black-backed Gull,,Larus marinus,A,,,,6183
Glaucous-winged Gull,,Larus glaucescens,A,†,,,6190
Glaucous Gull,,Larus hyperboreus,A,,,,6195
Iceland Gull,,Larus glaucoides,A,‡,,,6200
Herring Gull,European Herring Gull,Larus argentatus,A,,,,6204
American Herring Gull,,Larus smithsonianus,A,†,,,6207
Caspian Gull,,Larus cachinnans,A,,,,6211
Yellow-legged Gull,,Larus michahellis,A,‡,,,6212
Slaty-backed Gull,,Larus schistisagus,A,†,,,6216
Lesser Black-backed Gull,,Larus fuscus,A,‡,,,6217
Gull-billed Tern,,Gelochelidon nilotica,A,†,,,6224
Caspian Tern,,Hydroprogne caspia,A,†,,,6232
Royal Tern,,Thalasseus maximus,A,†,,,6234
Lesser Crested Tern,,Thalasseus bengalensis,A,†,,,6240
Sandwich Tern,,Thalasseus sandvicensis,A,,,,6246
Cabot's Tern,,Thalasseus acuflavidus,A,†,,,6247
Elegant Tern,,Thalasseus elegans,A,†,,,6250
Little Tern,,Sternula albifrons,A,,,,6252
Least Tern,,Sternula antillarum,A,†,,,6257
Aleutian Tern,,Onychoprion aleuticus,A,†,,,6269
Bridled Tern,,Onychoprion anaethetus,A,†,,,6271
Sooty Tern,,Onychoprion fuscatus,A,†,,,6276
Roseate Tern,,Sterna dougallii,A,,,,6285
Common Tern,,Sterna hirundo,A,,,,6296
Arctic Tern,,Sterna paradisaea,A,,,,6302
Forster's Tern,,Sterna forsteri,A,†,,,6313
Whiskered Tern,,Chlidonias hybrida,A,,,,6318
White-winged Black Tern,White-winged Tern,Chlidonias leucopterus,A,,,,6322
Black Tern,,Chlidonias niger,A,‡,,,6323
South Polar Skua,,Stercorarius maccormicki,A,†,,,6337
Great Skua,,Stercorarius skua,A,,,,6339
Pomarine Skua,Pomarine Jaeger,Stercorarius pomarinus,A,,,,6340
Arctic Skua,Parasitic Jaeger,Stercorarius parasiticus,A,,,,6341
Long-tailed Skua,Long-tailed Jaeger,Stercorarius longicaudus,A,,,,6342
Little Auk,,Alle alle,A,‡,,,6348
Brünnich's Guillemot,Thick-billed Murre,Uria lomvia,A,†,,,6352
Common Guillemot,Common Murre,Uria aalge,A,,,,6357
Razorbill,,Alca torda,A,,,,6364
Great Auk,,Pinguinus impennis,B,Extinct,,,6368
Black Guillemot,,Cepphus grylle,A,‡,,,6370
Long-billed Murrelet,,Brachyramphus perdix,A,†,,,6385
Ancient Murrelet,,Synthliboramphus antiquus,A,†,,,6391
Puffin,Atlantic Puffin,Fratercula arctica,A,,,,6407
Tufted Puffin,,Fratercula cirrhata,A,†,,,6409
Red-billed Tropicbird,,Phaethon aethereus,AE,†,,,6426
Red-throated Diver,Red-throated Loon,Gavia stellata,A,,,,6446
Black-throated Diver,Black-throated Loon,Gavia arctica,A,,,,6447
Pacific Diver,Pacific Loon,Gavia pacifica,A,†,,,6450
Great Northern Diver,Common Loon,Gavia immer,A,,,,6451
White-billed Diver,Yellow-billed Loon,Gavia adamsii,A,,,,6452
Wilson's Petrel,Wilson's Storm Petrel,Oceanites oceanicus,A,,,,6496
White-faced Storm Petrel,,Pelagodroma marina,B,†,,,6507
Black-browed Albatross,,Thalassarche melanophris,A,†,,,6546
Atlantic Yellow-nosed Albatross,,Thalassarche chlororhynchos,A,†,,,6554
Storm Petrel,European Storm Petrel,Hydrobates pelagicus,A,,,,6562
Swinhoe's Petrel,Swinhoe's Storm Petrel,Hydrobates monorhis,A,†,,,6569
Leach's Petrel,Leach's Storm Petrel,Hydrobates leucorhous,A,,,,6571
Fulmar,Northern Fulmar,Fulmarus glacialis,A,,,,6594
Black-capped Petrel,,Pterodroma hasitata,A,†,,,6640
White-chinned Petrel,,Procellaria aequinoctialis,A,†,,,6677
Scopoli's Shearwater,,Calonectris diomedea,A,†,,,6683
Cory's Shearwater,,Calonectris borealis,A,,,,6684
Sooty Shearwater,,Ardenna grisea,A,,,,6689
Great Shearwater,,Ardenna gravis,A,,,,6693
Manx Shearwater,,Puffinus puffinus,A,,,,6696
Yelkouan Shearwater,,Puffinus yelkouan,A,†,,,6699
Balearic Shearwater,,Puffinus mauretanicus,A,,,,6700
Barolo Shearwater,,Puffinus baroli,A,†,,,6729
Black Stork,,Ciconia nigra,AE,†,,,6762
White Stork,,Ciconia ciconia,AE,,,,6770
Ascension Frigatebird,,Fregata aquila,A,†,,,6789
Magnificent Frigatebird,,Fregata magnificens,A,†,,,6791
Gannet,Northern Gannet,Morus bassanus,A,,,,6805
Red-footed Booby,,Sula sula,A,†,,,6821
Brown Booby,,Sula leucogaster,A,†,,,6825
Cormorant,Great Cormorant,Phalacrocorax carbo,A,,,,6882
Shag,European Shag,Gulosus aristotelis,A,,,,6889
Double-crested Cormorant,,Nannopterum auritum,AE,†,,,6898
Glossy Ibis,,Plegadis falcinellus,AE,,,,6981
Spoonbill,Eurasian Spoonbill,Platalea leucorodia,AE,,,,6989
Bittern,Eurasian Bittern,Botaurus stellaris,A,,,,7025
American Bittern,,Botaurus lentiginosus,A,†,,,7029
Little Bittern,,Ixobrychus minutus,A,†,,,7042
Night-heron,Black-crowned Night Heron,Nycticorax nycticorax,AE*,,,,7062
Green Heron,,Butorides virescens,A,†,,,7087
Squacco Heron,,Ardeola ralloides,A,†,,,7116
Chinese Pond Heron,,Ardeola bacchus,A,†,,,7118
Cattle Egret,Western Cattle Egret,Bubulcus ibis,AE,,,,7125
Grey Heron,,Ardea cinerea,A,,,,7128
Great Blue Heron,,Ardea herodias,A,†,,,7133
Purple Heron,,Ardea purpurea,A,,,,7146
Great White Egret,Great Egret,Ardea alba,A,,,,7151
Snowy Egret,,Egretta thula,A,†,,,7178
Little Egret,,Egretta garzetta,A,,,,7181
Dalmatian Pelican,,Pelecanus crispus,A,†,,,7208
Osprey,Western Osprey,Pandion haliaetus,AE*,,,,7253
Egyptian Vulture,,Neophron percnopterus,BDE,†,,,7289
Honey-buzzard,European Honey Buzzard,Pernis apivorus,A,,,,7306
Short-toed Eagle,Short-toed Snake Eagle,Circaetus gallicus,A,†,,,7417
Spotted Eagle,Greater Spotted Eagle,Clanga clanga,B,†,,,7487
Golden Eagle,,Aquila chrysaetos,AE,,,,7505
Sparrowhawk,Eurasian Sparrowhawk,Accipiter nisus,A,,,,7688
Goshawk,Northern Goshawk,Accipiter gentilis,AC3E*,,,,7724
Marsh Harrier,Western Marsh Harrier,Circus aeruginosus,A,,,,7737
Hen Harrier,,Circus cyaneus,A,,,,7749
Northern Harrier,,Circus hudsonius,A,†,,,7750
Pallid Harrier,,Circus macrourus,A,†,,,7752
Montagu's Harrier,,Circus pygargus,A,,,,7754
Red Kite,,Milvus milvus,AC3E*,,,,7756
Black Kite,,Milvus migrans,AE,,,,7759
White-tailed Eagle,,Haliaeetus albicilla,AC3E*,,,,7781
Rough-legged Buzzard,,Buteo lagopus,AE,,,,7932
Buzzard,Common Buzzard,Buteo buteo,AE*,,,,7949
Barn Owl,Western Barn Owl,Tyto alba,AE*,‡,,,7990
Tengmalm's Owl,Boreal Owl,Aegolius funereus,A,†,,,8144
Little Owl,,Athene noctua,C1E*,,,,8187
Hawk Owl,Northern Hawk-Owl,Surnia ulula,A,†,,,8212
Scops Owl,Eurasian Scops Owl,Otus scops,A,†,,,8325
Long-eared Owl,,Asio otus,A,,,,8422
Short-eared Owl,,Asio flammeus,A,,,,8438
Snowy Owl,,Bubo scandiacus,AE,†,,,8458
Tawny Owl,,Strix aluco,A,,,,8658
Hoopoe,Eurasian Hoopoe,Upupa epops,AE,,,,8920
Roller,European Roller,Coracias garrulus,A,†,,,9099
Kingfisher,Common Kingfisher,Alcedo atthis,A,,,,9439
Belted Kingfisher,,Megaceryle alcyon,A,†,,,9528
Blue-cheeked Bee-eater,,Merops persicus,A,†,,,9658
Bee-eater,European Bee-eater,Merops apiaster,A,,,,9673
Wryneck,Eurasian Wryneck,Jynx torquilla,A,,,,10279
Yellow-bellied Sapsucker,,Sphyrapicus varius,A,†,,,10455
Lesser Spotted Woodpecker,,Dryobates minor,A,,,,10643
Great Spotted Woodpecker,,Dendrocopos major,A,,,,10763
Green Woodpecker,European Green Woodpecker,Picus viridis,A,,,,11033
Lesser Kestrel,,Falco naumanni,A,†,,,11225
Kestrel,Common Kestrel,Falco tinnunculus,A,,,,11226
American Kestrel,,Falco sparverius,AE,†,,,11251
Red-footed Falcon,,Falco vespertinus,A,,,,11281
Amur Falcon,,Falco amurensis,AE,†,,,11282
Eleonora's Falcon,,Falco eleonorae,A,†,,,11283
Merlin,,Falco columbarius,A,‡,,,11289
Hobby,Eurasian Hobby,Falco subbuteo,A,,,,11304
Gyr Falcon,Gyrfalcon,Falco rusticolus,AE,†,,,11331
Peregrine,Peregrine Falcon,Falco peregrinus,AE,,,,11333
Ring-necked Parakeet,Rose-ringed Parakeet,Psittacula krameri,C1E*,,,,12040
Eastern Phoebe,,Sayornis phoebe,A,†,,,15535
Yellow-bellied Flycatcher,,Empidonax flaviventris,A,†,,,15600
Acadian Flycatcher,,Empidonax virescens,A,†,,,15601
Alder Flycatcher,,Empidonax alnorum,A,†,,,15607
Eastern Kingbird,,Tyrannus tyrannus,A,†,,,15969
Brown Shrike,,Lanius cristatus,A,†,,,18840
Red-backed Shrike,,Lanius collurio,A,,,,18845
Daurian Shrike,Isabelline Shrike,Lanius isabellinus,A,†,,,18846
Turkestan Shrike,Red-tailed Shrike,Lanius phoenicuroides,A,†,,,18850
Long-tailed Shrike,,Lanius schach,A,†,,,18858
Lesser Grey Shrike,,Lanius minor,A,†,,,18876
Great Grey Shrike,,Lanius excubitor,AE,‡,,,18891
Woodchat Shrike,,Lanius senator,A,‡,,,18925
Masked Shrike,,Lanius nubicus,A,†,,,18929
Red-eyed Vireo,,Vireo olivaceus,A,†,,,19077
Philadelphia Vireo,,Vireo philadelphicus,A,†,,,19102
Yellow-throated Vireo,,Vireo flavifrons,A,†,,,19138
Golden Oriole,Eurasian Golden Oriole,Oriolus oriolus,A,,,,19308
Jay,Eurasian Jay,Garrulus glandarius,A,,,,20130
Magpie,Eurasian Magpie,Pica pica,A,,,,20235
Nutcracker,Spotted Nutcracker,Nucifraga caryocatactes,A,†,,,20261
Chough,Red-billed Chough,Pyrrhocorax pyrrhocorax,AE*,,,,20272
Jackdaw,Western Jackdaw,Coloeus monedula,A,,,,20288
Rook,,Corvus frugilegus,A,,,,20324
Carrion Crow,,Corvus corone,A,,,,20342
Hooded Crow,,Corvus cornix,A,,,,20345
Raven,Northern Raven,Corvus corax,A,,,,20379
Waxwing,Bohemian Waxwing,Bombycilla garrulus,AE,,,,20717
Cedar Waxwing,,Bombycilla cedrorum,AE,†,,,20721
Coal Tit,,Periparus ater,A,,,,20823
Crested Tit,European Crested Tit,Lophophanes cristatus,A,‡,,,20859
Marsh Tit,,Poecile palustris,A,,,,20955
Willow Tit,,Poecile montanus,A,‡,,,20968
Blue Tit,Eurasian Blue Tit,Cyanistes caeruleus,A,,,,20992
Great Tit,,Parus major,A,,,,21014
Penduline Tit,Eurasian Penduline Tit,Remiz pendulinus,A,,,,21110
Bearded Tit,Bearded Reedling,Panurus biarmicus,A,,,,21165
Woodlark,,Lullula arborea,A,,,,21419
White-winged Lark,,Alauda leucoptera,A,†,,,21444
Skylark,Eurasian Skylark,Alauda arvensis,A,,,,21460
Crested Lark,,Galerida cristata,AE,†,,,21496
Shore Lark,Horned Lark,Eremophila alpestris,A,‡,,,21535
Short-toed Lark,Greater Short-toed Lark,Calandrella brachydactyla,A,,,,21596
Bimaculated Lark,,Melanocorypha bimaculata,A,†,,,21606
Calandra Lark,,Melanocorypha calandra,A,†,,,21607
Black Lark,,Melanocorypha yeltoniensis,A,†,,,21612
Mediterranean Short-toed Lark,,Alaudala rufescens,A,†,,,21633
Sand Martin,,Riparia riparia,A,,,,22152
Tree Swallow,,Tachycineta bicolor,A,†,,,22174
Purple Martin,,Progne subis,A,†,,,22230
Crag Martin,Eurasian Crag Martin,Ptyonoprogne rupestris,A,†,,,22249
Swallow,Barn Swallow,Hirundo rustica,AE,,,,22293
House Martin,Common House Martin,Delichon urbicum,A,,,,22311
Red-rumped Swallow,,Cecropis daurica,A,‡,,,22338
American Cliff Swallow,,Petrochelidon pyrrhonota,A,†,,,22357
Cetti's Warbler,,Cettia cetti,A,,,,22568
Long-tailed Tit,,Aegithalos caudatus,A,‡,,,22633
Wood Warbler,,Phylloscopus sibilatrix,A,,,,22695
Western Bonelli's Warbler,,Phylloscopus bonelli,A,†,,,22696
Eastern Bonelli's Warbler,,Phylloscopus orientalis,A,†,,,22697
Hume's Warbler,Hume's Leaf Warbler,Phylloscopus humei,A,†,,,22705
Yellow-browed Warbler,,Phylloscopus inornatus,A,,,,22708
Pallas's Warbler,Pallas's Leaf Warbler,Phylloscopus proregulus,A,,,,22716
Radde's Warbler,,Phylloscopus schwarzi,A,,,,22721
Dusky Warbler,,Phylloscopus fuscatus,A,,,,22731
Willow Warbler,,Phylloscopus trochilus,A,,,,22736
Chiffchaff,Common Chiffchaff,Phylloscopus collybita,A,,,,22746
Iberian Chiffchaff,,Phylloscopus ibericus,A,†,,,22753
Eastern Crowned Warbler,,Phylloscopus coronatus,A,†,,,22754
Green Warbler,,Phylloscopus nitidus,A,†,,,22804
Two-barred Greenish Warbler,Two-barred Warbler,Phylloscopus plumbeitarsus,A,†,,,22805
Greenish Warbler,,Phylloscopus trochiloides,A,,,,22806
Pale-legged Leaf Warbler,,Phylloscopus tenellipes,A,†,,,22814
Arctic Warbler,,Phylloscopus borealis,A,,,,22817
Great Reed Warbler,,Acrocephalus arundinaceus,A,†,,,22944
Aquatic Warbler,,Acrocephalus paludicola,A,†,,,23008
Sedge Warbler,,Acrocephalus schoenobaenus,A,,,,23009
Paddyfield Warbler,,Acrocephalus agricola,A,†,,,23017
Blyth's Reed Warbler,,Acrocephalus dumetorum,A,,,,23020
Reed Warbler,Eurasian Reed Warbler,Acrocephalus scirpaceus,A,‡,,,23021
Marsh Warbler,,Acrocephalus palustris,A,,,,23033
Thick-billed Warbler,,Arundinax aedon,A,†,,,23035
Booted Warbler,,Iduna caligata,A,†,,,23045
Sykes's Warbler,,Iduna rama,A,†,,,23046
Eastern Olivaceous Warbler,,Iduna pallida,A,†,,,23047
Olive-tree Warbler,,Hippolais olivetorum,A,†,,,23060
Melodious Warbler,,Hippolais polyglotta,A,,,,23061
Icterine Warbler,,Hippolais icterina,A,,,,23062
Pallas's Grasshopper Warbler,,Helopsaltes certhiola,A,†,,,23075
Lanceolated Warbler,,Locustella lanceolata,A,†,,,23084
River Warbler,,Locustella fluviatilis,A,†,,,23090
Savi's Warbler,,Locustella luscinioides,A,†,,,23091
Grasshopper Warbler,Common Grasshopper Warbler,Locustella naevia,A,‡,,,23099
Fan-tailed Warbler,Zitting Cisticola,Cisticola juncidis,A,†,,,23453
Blackcap,Eurasian Blackcap,Sylvia atricapilla,A,,,,23940
Garden Warbler,,Sylvia borin,A,,,,23946
Barred Warbler,,Curruca nisoria,A,,,,23961
Lesser Whitethroat,,Curruca curruca,A,‡,,,23981
Western Orphean Warbler,,Curruca hortensis,A,†,,,23998
Eastern Orphean Warbler,,Curruca crassirostris,A,†,,,24001
Asian Desert Warbler,,Curruca nana,A,†,,,24006
Rüppell's Warbler,,Curruca ruppeli,A,†,,,24014
Sardinian Warbler,,Curruca melanocephala,A,†,,,24016
Western Subalpine Warbler,,Curruca iberiae,A,†,,,24022
Moltoni's Subalpine Warbler,Moltoni's Warbler,Curruca subalpina,A,†,,,24023
Eastern Subalpine Warbler,,Curruca cantillans,A,†,,,24024
Whitethroat,Common Whitethroat,Curruca communis,A,,,,24027
Spectacled Warbler,,Curruca conspicillata,A,†,,,24032
Marmora's Warbler,,Curruca sarda,A,†,,,24035
Dartford Warbler,,Curruca undata,A,,,,24036
Ruby-crowned Kinglet,,Corthylio calendula,A,†,,,25505
Firecrest,Common Firecrest,Regulus ignicapilla,A,,,,25510
Goldcrest,,Regulus regulus,A,,,,25523
Wren,Eurasian Wren,Troglodytes troglodytes,A,,,,25845
Red-breasted Nuthatch,,Sitta canadensis,A,†,,,26167
Nuthatch,Eurasian Nuthatch,Sitta europaea,A,,,,26185
Wallcreeper,,Tichodroma muraria,A,†,,,26224
Treecreeper,Eurasian Treecreeper,Certhia familiaris,A,‡,,,26230
Short-toed Treecreeper,,Certhia brachydactyla,A,†,,,26259
Grey Catbird,,Dumetella carolinensis,A,†,,,26290
Northern Mockingbird,,Mimus polyglottos,AE,†,,,26294
Brown Thrasher,,Toxostoma rufum,A,†,,,26339
Rose-coloured Starling,Rosy Starling,Pastor roseus,AE,,,,26588
Starling,Common Starling,Sturnus vulgaris,A,,,,26590
Varied Thrush,,Ixoreus naevius,A,†,,,26806
Wood Thrush,,Hylocichla mustelina,A,†,,,26825
Swainson's Thrush,,Catharus ustulatus,A,†,,,26859
Hermit Thrush,,Catharus guttatus,A,†,,,26870
Grey-cheeked Thrush,,Catharus minimus,A,†,,,26893
Veery,,Catharus fuscescens,A,†,,,26897
White's Thrush,,Zoothera aurea,A,†,,,26914
Siberian Thrush,,Geokichla sibirica,AE,†,,,26941
Song Thrush,,Turdus philomelos,A,,,,27008
Mistle Thrush,,Turdus viscivorus,A,,,,27013
Redwing,,Turdus iliacus,A,,,,27060
Blackbird,Common Blackbird,Turdus merula,A,,,,27063
Eyebrowed Thrush,,Turdus obscurus,A,†,,,27083
Fieldfare,,Turdus pilaris,A,,,,27142
Ring Ouzel,,Turdus torquatus,A,,,,27143
Black-throated Thrush,,Turdus atrogularis,A,†,,,27147
Red-throated Thrush,,Turdus ruficollis,A,†,,,27148
Dusky Thrush,,Turdus eunomus,A,†,,,27149
Naumann's Thrush,,Turdus naumanni,A,†,,,27150
American Robin,,Turdus migratorius,AE,†,,,27155
Rufous-tailed Scrub Robin,,Cercotrichas galactotes,A,†,,,27328
Spotted Flycatcher,,Muscicapa striata,A,,,,27466
Asian Brown Flycatcher,,Muscicapa dauurica,A,†,,,27482
Robin,European Robin,Erithacus rubecula,A,,,,27677
Siberian Blue Robin,,Larvivora cyane,A,†,,,27864
Rufous-tailed Robin,,Larvivora sibilans,A,†,,,27868
Bluethroat,,Luscinia svecica,A,,,,27876
Thrush Nightingale,,Luscinia luscinia,A,†,,,27891
Nightingale,Common Nightingale,Luscinia megarhynchos,A,‡,,,27892
White-throated Robin,,Irania gutturalis,A,†,,,27897
Siberian Rubythroat,,Calliope calliope,A,†,,,27904
Red-flanked Bluetail,,Tarsiger cyanurus,AE,,,,27929
Taiga Flycatcher,,Ficedula albicilla,A,†,,,28026
Red-breasted Flycatcher,,Ficedula parva,A,,,,28027
Pied Flycatcher,European Pied Flycatcher,Ficedula hypoleuca,A,‡,,,28030
Collared Flycatcher,,Ficedula albicollis,A,†,,,28034
Black Redstart,,Phoenicurus ochruros,A,‡,,,28069
Redstart,Common Redstart,Phoenicurus phoenicurus,A,,,,28076
Moussier's Redstart,,Phoenicurus moussieri,A,†,,,28084
Rock Thrush,Common Rock Thrush,Monticola saxatilis,A,†,,,28106
Blue Rock Thrush,,Monticola solitarius,AE,†,,,28110
Whinchat,,Saxicola rubetra,A,,,,28125
Stonechat,European Stonechat,Saxicola rubicola,A,,,,28131
Siberian Stonechat,,Saxicola maurus,A,†,,,28134
Stejneger's Stonechat,,Saxicola stejnegeri,A,†,,,28140
Wheatear,Northern Wheatear,Oenanthe oenanthe,A,,,,28240
Isabelline Wheatear,,Oenanthe isabellina,A,†,,,28253
Desert Wheatear,,Oenanthe deserti,A,†,,,28255
Western Black-eared Wheatear,,Oenanthe hispanica,A,†,,,28259
Eastern Black-eared Wheatear,,Oenanthe melanoleuca,A,†,,,28260
Pied Wheatear,,Oenanthe pleschanka,A,†,,,28262
White-crowned Black Wheatear,White-crowned Wheatear,Oenanthe leucopyga,A,†,,,28302
Dipper,White-throated Dipper,Cinclus cinclus,A,‡,,,28326
Rock Sparrow,,Petronia petronia,A,†,,,29058
Tree Sparrow,Eurasian Tree Sparrow,Passer montanus,A,,,,29136
Spanish Sparrow,,Passer hispaniolensis,A,†,,,29153
House Sparrow,,Passer domesticus,A,,,,29157
Alpine Accentor,,Prunella collaris,A,†,,,29956
Siberian Accentor,,Prunella montanella,A,†,,,29973
Dunnock,,Prunella modularis,A,,,,29988
Yellow Wagtail,Western Yellow Wagtail,Motacilla flava,A,‡,,,30003
Eastern Yellow Wagtail,,Motacilla tschutschensis,A,†,,,30014
Citrine Wagtail,,Motacilla citreola,A,,,,30019
Grey Wagtail,,Motacilla cinerea,A,,,,30028
Pied Wagtail,White Wagtail,Motacilla alba,A,‡,,,30036
Richard's Pipit,,Anthus richardi,A,,,,30074
Blyth's Pipit,,Anthus godlewskii,A,†,,,30109
Tawny Pipit,,Anthus campestris,A,†,,,30110
Meadow Pipit,,Anthus pratensis,A,,,,30157
Tree Pipit,,Anthus trivialis,A,,,,30158
Olive-backed Pipit,,Anthus hodgsoni,A,,,,30161
Pechora Pipit,,Anthus gustavi,A,†,,,30164
Red-throated Pipit,,Anthus cervinus,A,†,,,30168
Buff-bellied Pipit,,Anthus rubescens,A,†,,,30169
Water Pipit,,Anthus spinoletta,A,,,,30173
Rock Pipit,European Rock Pipit,Anthus petrosus,A,,,,30177
Chaffinch,Common Chaffinch,Fringilla coelebs,AE,,,,30237
Brambling,,Fringilla montifringilla,A,,,,30256
Evening Grosbeak,,Hesperiphona vespertina,A,†,,,30265
Hawfinch,,Coccothraustes coccothraustes,A,,,,30275
Pine Grosbeak,,Pinicola enucleator,AE,†,,,30290
Bullfinch,Eurasian Bullfinch,Pyrrhula pyrrhula,A,,,,30313
Trumpeter Finch,,Bucanetes githagineus,AE,†,,,30329
Common Rosefinch,,Carpodacus erythrinus,A,,,,30374
Greenfinch,European Greenfinch,Chloris chloris,AE,,,,30519
Twite,,Linaria flavirostris,A,,,,30654
Linnet,Common Linnet,Linaria cannabina,A,,,,30664
Common Redpoll,,Acanthis flammea,A,,,,30675
Lesser Redpoll,,Acanthis cabaret,A,,,,30678
Arctic Redpoll,,Acanthis hornemanni,A,†,,,30679
Parrot Crossbill,,Loxia pytyopsittacus,A,,,,30683
Scottish Crossbill,,Loxia scotica,A,,,,30684
Crossbill,Red Crossbill,Loxia curvirostra,A,,,,30685
Two-barred Crossbill,,Loxia leucoptera,A,†,,,30706
Goldfinch,European Goldfinch,Carduelis carduelis,A,,,,30718
Citril Finch,,Carduelis citrinella,A,†,,,30733
Serin,European Serin,Serinus serinus,A,,,,30737
Siskin,Eurasian Siskin,Spinus spinus,A,,,,30766
Lapland Bunting,Lapland Longspur,Calcarius lapponicus,A,,,,30908
Snow Bunting,,Plectrophenax nivalis,A,,,,30917
Corn Bunting,,Emberiza calandra,A,,,,30937
Yellowhammer,,Emberiza citrinella,A,,,,30940
Pine Bunting,,Emberiza leucocephalos,A,†,,,30944
Rock Bunting,,Emberiza cia,A,†,,,30947
Ortolan Bunting,,Emberiza hortulana,AE,,,,30975
Cretzschmar's Bunting,,Emberiza caesia,A,†,,,30976
Cirl Bunting,,Emberiza cirlus,A,,,,30977
Chestnut-eared Bunting,,Emberiza fucata,A,†,,,31008
Little Bunting,,Emberiza pusilla,A,,,,31012
Yellow-browed Bunting,,Emberiza chrysophrys,A,†,,,31013
Rustic Bunting,,Emberiza rustica,A,†,,,31014
Yellow-breasted Bunting,,Emberiza aureola,AE,†,,,31018
Chestnut Bunting,,Emberiza rutila,A,†,,,31036
Black-headed Bunting,,Emberiza melanocephala,AE,†,,,31038
Black-faced Bunting,,Emberiza spodocephala,AE,†,,,31041
Pallas's Reed Bunting,,Emberiza pallasi,A,†,,,31048
Reed Bunting,Common Reed Bunting,Emberiza schoeniclus,A,,,,31056
Lark Sparrow,,Chondestes grammacus,A,†,,,31220
Dark-eyed Junco,,Junco hyemalis,AE,†,,,31328
White-crowned Sparrow,,Zonotrichia leucophrys,AE,†,,,31380
White-throated Sparrow,,Zonotrichia albicollis,AE,†,,,31388
Savannah Sparrow,,Passerculus sandwichensis,A,†,,,31427
Song Sparrow,,Melospiza melodia,AE,†,,,31448
Eastern Towhee,,Pipilo erythrophthalmus,A,†,,,31574
Bobolink,,Dolichonyx oryzivorus,A,†,,,31725
Baltimore Oriole,,Icterus galbula,AE,†,,,31851
Red-winged Blackbird,,Agelaius phoeniceus,A,†,,,31912
Brown-headed Cowbird,,Molothrus ater,A,†,,,31954
Ovenbird,,Seiurus aurocapilla,A,†,,,32069
Northern Waterthrush,,Parkesia noveboracensis,A,†,,,32077
Golden-winged Warbler,,Vermivora chrysoptera,A,†,,,32080
Black-and-white Warbler,,Mniotilta varia,A,†,,,32083
Tennessee Warbler,,Leiothlypis peregrina,A,†,,,32097
Common Yellowthroat,,Geothlypis trichas,A,†,,,32147
Hooded Warbler,,Setophaga citrina,A,†,,,32170
American Redstart,,Setophaga ruticilla,AE,†,,,32171
Cape May Warbler,,Setophaga tigrina,A,†,,,32173
Northern Parula,,Setophaga americana,AE,†,,,32175
Magnolia Warbler,,Setophaga magnolia,AE,†,,,32186
Bay-breasted Warbler,,Setophaga castanea,A,†,,,32187
Blackburnian Warbler,,Setophaga fusca,A,†,,,32188
Yellow Warbler,American Yellow Warbler,Setophaga aestiva,A,†,,,32189
Chestnut-sided Warbler,,Setophaga pensylvanica,A,†,,,32234
Blackpoll Warbler,,Setophaga striata,AE,†,,,32235
Yellow-rumped Warbler,Myrtle Warbler,Setophaga coronata,A,†,,,32248
Wilson's Warbler,,Cardellina pusilla,A,†,,,32397
Summer Tanager,,Piranga rubra,A,†,,,32483
Scarlet Tanager,,Piranga olivacea,A,†,,,32490
Rose-breasted Grosbeak,,Pheucticus ludovicianus,A,†,,,32555
Indigo Bunting,,Passerina cyanea,AE,†,,,32645
